{
  "evaluation_metadata": {
    "timestamp": "2025-06-30T15:35:48.832639",
    "gold_set_size": 400,
    "methods_evaluated": [
      "full_pipeline"
    ],
    "k_values": [
      1,
      3,
      5,
      10
    ],
    "pipeline_components": [
      "retrieve_by_regex",
      "retrieve_by_ner",
      "retrieve_by_semantic_search",
      "combine_and_semantic_search",
      "deduplicate_results"
    ]
  },
  "method_results": {
    "full_pipeline": {
      "k_1": {
        "recall": 0.655,
        "precision": 0.655,
        "f1": 0.655,
        "mrr": 0.655,
        "ndcg": 0.655
      },
      "k_3": {
        "recall": 0.865,
        "precision": 0.3549999999999991,
        "f1": 0.4825,
        "mrr": 0.7508333333333335,
        "ndcg": 0.8447011364464301
      },
      "k_5": {
        "recall": 0.91,
        "precision": 0.26200000000000095,
        "f1": 0.3699999999999989,
        "mrr": 0.7614583333333332,
        "ndcg": 0.8663345934223474
      },
      "k_10": {
        "recall": 0.9375,
        "precision": 0.1837500000000005,
        "f1": 0.2522727272727268,
        "mrr": 0.765357142857143,
        "ndcg": 0.8760934247231088
      }
    }
  }
}